Cluster_ID,Latitude,Longitude,Total_Crashes,Risk_Level
0,28.431269122717577,77.06840519380624,53,High
1,17.501732140282783,76.39113336916907,6,Moderate
2,22.526416442964436,88.29200182435704,43,High
3,22.444858405325384,78.20484814504934,6,Low
4,8.786758575977125,77.69355906324277,3,Low
5,18.719297584223657,73.8717843710257,17,High
6,20.50600688888889,82.032179,9,Low
7,13.414992645503547,77.72624332887912,12,Moderate
8,25.833753490853248,83.21270911852369,12,Moderate
9,17.475757072958423,80.90517557455686,21,High
10,24.488916717965267,72.78557241842569,6,Moderate
11,15.511308149225076,75.35785197293697,10,Moderate
12,24.01402446153846,85.422251,13,Moderate
13,33.189847527653924,75.2238185609242,6,Moderate
14,22.690989559605217,75.86764519901374,71,High
15,26.478576177828604,80.30994938116723,18,High
16,25.965320686760833,90.89876626362023,3,Low
17,22.137687466666666,72.69042406666667,15,Moderate
18,30.27976253529041,77.31421010280833,5,Moderate
19,20.431473492701613,80.01118518454444,6,Low
20,19.92838264978277,74.39220767373072,7,Moderate
21,26.492614847246667,74.74800884207724,3,Low
22,10.630796659001277,77.44886689209014,8,Moderate
23,17.23543933115099,78.44432396970566,17,High
24,13.57689024162163,79.41471945555934,9,High
25,22.159637546714674,82.1544802483508,6,Low
26,20.456704735486593,86.03147761386882,10,Moderate
27,28.03977903200884,81.14877081957215,3,Low
28,27.50196777886297,78.89614284526841,10,Moderate
29,20.892781397340762,78.95997648044992,12,Moderate
30,30.90468123889468,75.85936088386079,32,High
31,23.37260838996771,77.69745787625735,14,High
32,25.729436707958143,94.04477764424936,3,Low
33,26.439954853748628,72.30734323415474,2,Low
34,12.493297355734947,75.62836202910117,1,Low
35,20.409565909090908,72.86578163636364,11,Moderate
36,20.156344111469924,75.91208546777561,14,Moderate
37,26.7943215361785,78.06405327049909,20,High
38,19.21857929753126,78.80424958702447,7,Low
39,15.832964410010074,74.60028593699789,6,Low
40,25.829845847389606,85.52207841287102,5,Moderate
41,30.045844575814442,78.60946957563003,9,High
42,22.6370477,85.3049281,10,Low
43,18.944279276604203,73.15345947006384,31,High
44,23.5013632,86.88750590000001,10,Low
45,24.971346324552073,78.63283220473943,12,Moderate
46,22.270241778525286,70.80938068653552,13,High
47,15.180160992810393,78.06356380560113,5,Low
48,25.873020025986406,81.89182139675552,8,Moderate
49,25.18926132844975,75.88508713077275,10,High
50,26.89658212886227,75.78305123521532,24,High
51,15.372404930597995,76.1526101039219,9,Moderate
52,21.61977877777778,80.92474333333334,9,Low
53,16.0320584373539,80.26477381131167,12,High
54,11.354747237612946,78.59152188282039,8,Moderate
55,24.884758844384567,86.53477301447948,4,Low
56,29.85633571102053,79.23934089031836,4,Low
57,17.574861681571758,74.19727453110725,13,Moderate
58,24.834764474944436,73.86873650714759,14,High
59,10.247058337211426,76.58750609001072,13,High
60,19.19129626526395,84.71060364654016,11,Low
61,28.0877536839245,74.00482260614261,1,Low
62,19.975817565314912,73.87626634370349,37,High
63,14.781704678646827,75.74545738391393,16,Moderate
64,18.539690987245457,81.29244751935734,22,High
65,25.84516223660384,71.46908028877004,7,Moderate
66,21.755529333333335,79.1541142,15,Moderate
67,23.03149473396488,84.14256869474393,9,Moderate
68,12.543376608523324,79.10978908550248,17,High
69,23.0477420528445,76.66049878698641,12,Moderate
70,23.036379900582926,72.58229876459767,35,High
71,18.957325063870055,75.85868062424196,8,Low
72,23.255635108781657,78.42622753683115,8,Moderate
73,32.44614434143478,77.23044891236786,3,Low
74,27.53852004046169,77.81815197330728,20,High
75,21.824155744519246,83.25089431661905,5,Moderate
76,21.592480545454546,87.24074427272727,11,Low
77,21.2120513181153,82.0165811957879,11,Moderate
78,12.932533350289287,77.59237619986952,63,High
79,14.114115513016204,76.43431723556688,13,Moderate
80,27.638679089707324,95.68195325787705,4,Low
81,27.37299669505478,88.49187480224269,3,Low
82,21.364056137000258,80.37138998052883,9,Low
83,16.958083673386167,80.7125204942765,23,High
84,17.49498742228284,79.62018498776544,6,Moderate
85,28.828244514876168,79.14462581885728,6,Moderate
86,25.722369134318786,84.15048251916429,8,Moderate
87,30.706969534128007,76.65152391382587,21,High
88,24.64622563798542,80.8910252522318,4,Low
89,20.888445454239548,76.1197375908447,8,Moderate
90,29.506205395995856,74.94247160200553,2,Low
91,15.337909223358173,74.46050198754273,24,High
92,27.756104799449943,76.45670563630198,18,High
93,22.815646375507562,73.71285021605439,4,Low
94,23.700451256877358,92.4844769218639,2,Low
95,23.755367618979136,79.35416922213825,4,Low
96,22.85910950465053,86.25084808088361,11,Moderate
97,27.784673817591358,70.36506957443333,2,Low
98,26.89494938422438,79.54297904676805,11,Moderate
99,11.308725267626105,76.87976338485382,7,Moderate
100,29.407294172040487,77.63201667422837,12,High
101,16.694072449637837,74.18228140008013,11,High
102,26.223708497632973,91.60280250549465,7,Moderate
103,18.75622582272076,78.75542317484353,9,Moderate
104,26.61232362561838,93.07135761297826,7,Moderate
105,22.255732017011148,76.68222914510345,7,Low
106,29.30169018283669,80.0749275973119,6,Moderate
107,23.196208208311017,87.45712439021864,16,Moderate
108,19.5077692,75.0062012,10,Moderate
109,24.96125930630007,85.53554951789397,13,Moderate
110,23.290380610321005,85.34720213126273,17,High
111,20.89120471380323,81.26612663907777,8,Low
112,25.822518727272726,74.80364827272727,11,Low
113,33.79561777616112,74.16469063522663,4,Low
114,26.958401400591796,81.33833612942684,9,High
115,28.342335979620795,77.58195401587702,28,High
116,23.836602803792296,76.90713410629183,11,Moderate
117,23.796516333333333,73.15345126666666,15,Moderate
118,23.21096134755043,77.44230116061031,63,High
119,18.94481641514741,76.32660305796428,3,Low
120,14.68073485950379,74.81239394167412,18,High
121,23.225581248356022,75.47472415245112,6,Moderate
122,24.893910716452716,92.69925094429641,5,Moderate
123,20.6457264,74.9658622,5,Low
124,21.19978118651358,77.92165121540326,7,Low
125,21.233362804067646,86.8400454745171,13,Moderate
126,10.494760438629193,78.27682627961023,11,High
127,11.15981567745678,77.3555593742516,10,High
128,15.36982176923077,80.138615124,13,Moderate
129,26.90537799841709,76.26402197772246,5,Moderate
130,18.47404074268134,73.88852821336803,58,High
131,32.89269154470533,76.21231800827276,4,Low
132,13.205212538868418,75.32437424590319,6,Moderate
133,13.214926690746037,79.35423331543156,18,High
134,21.291553248740815,72.83367481153424,10,Moderate
135,22.997619666242638,83.38624657440934,9,Moderate
136,31.675110912821076,77.29932862043727,3,Low
137,25.837911089966724,78.4231486277676,13,Moderate
138,28.258486108687904,75.05457828473719,7,Moderate
139,21.133561591685964,79.07564281184648,40,High
140,19.36710726540869,72.98752719987738,29,High
141,23.74327470729344,86.64286785581349,16,High
142,23.898195093279494,84.29940247163526,6,Low
143,26.962688099154846,71.18401934045531,6,Moderate
144,20.452416836983215,79.10362455696684,13,Moderate
145,26.230378684831553,81.1743250120287,7,Low
146,28.672023827894762,79.87256881842704,13,High
147,15.414261722938747,74.9620250655077,19,High
148,20.01669287977598,85.51832547230626,12,Moderate
149,26.350985139019823,87.38147903838905,1,Low
150,18.716781706723136,75.30022916839263,6,Low
151,30.801860226647687,78.38183541812862,11,High
152,22.002370875,79.69793225,8,Low
153,14.637292712396262,77.90698485694276,8,Low
154,20.572361697189397,73.95316938448319,7,Moderate
155,24.383311593086688,78.68253090825765,9,Low
156,25.588258916533626,73.37219719125956,4,Low
157,12.656147722895053,77.19261290645872,8,Moderate
158,27.365552542051574,82.22285514138281,5,Moderate
159,29.320109437725907,76.3285265920705,3,Low
160,19.950178199243428,75.36199013079222,16,Moderate
161,8.772697783572028,77.21705804641473,12,High
162,24.556972043735353,77.24960321793392,6,Low
163,16.406918319056757,74.64099048977864,16,High
164,22.582947500000003,81.704836,2,Low
165,22.019927451853025,82.70266658225327,5,Low
166,30.765681632592333,74.69670116900541,6,Moderate
167,18.28839389644536,78.1904883371142,4,Low
168,16.255992561507583,78.09825193447203,6,Low
169,24.353018,85.99931111111111,18,Moderate
170,22.624740622546234,75.26539945439932,8,Moderate
171,23.259542964333797,80.02033657903068,5,Moderate
172,19.50333360205719,80.27506388268168,3,Low
173,9.946598042252582,77.98134491394896,8,Moderate
174,10.975362837591131,76.98115085247774,20,High
175,20.26827594287457,83.5448611080163,3,Low
176,13.151089899918002,76.49188446906524,8,Moderate
177,31.64234645920884,75.27421102834748,7,Moderate
178,16.01283666899565,75.8527321544621,6,Low
179,24.041040703972726,75.0835940482793,5,Moderate
180,22.832169179237358,78.87180735831019,8,Low
181,25.263001390263216,82.90642305104413,6,Moderate
182,29.18360123345612,78.55543693257708,10,High
183,29.197095840789228,73.22412562749123,1,Low
184,34.90088291619251,77.4822454710571,1,Low
185,21.81365129797051,77.99469708249886,8,Moderate
186,26.226198216785,80.00669549439758,11,High
187,22.077315125461823,87.90470033526029,8,Low
188,17.875902411962436,81.05082847795433,16,High
189,14.831591234720445,75.34563292252834,13,Moderate
190,21.687061097273016,81.67102194775873,10,Moderate
191,22.613145,84.72905177777778,9,Moderate
192,22.93638953846154,77.97856392307692,13,Moderate
193,27.837858432296468,79.80829064998446,7,Moderate
194,23.42236509982625,76.31046691296146,11,Moderate
195,25.55910109109849,86.108900583958,8,Moderate
196,19.876279987348187,78.30987654309891,4,Low
197,23.787154445942058,85.86156350870408,15,High
198,21.81359634514385,85.40948958712139,5,Low
199,16.64152161475738,80.54834823568669,28,High
200,25.49636261037973,81.92422205990228,13,High
201,19.91497578082363,72.8934116838225,24,High
202,25.981490011901485,70.56188399787001,4,Low
203,30.086433679294878,76.83879907324709,7,Moderate
204,25.7774032,84.5338084,5,Low
205,11.560961365478184,77.92329618975144,8,Moderate
206,27.169848656803737,77.303017957149,8,Moderate
207,19.777435071013493,75.75585108477846,11,Moderate
208,22.698314507007698,77.61722436278009,9,Moderate
209,23.066619335024182,74.39219963779605,6,Moderate
210,15.831640833333335,74.9601428888889,18,Moderate
211,27.652730536579917,75.25957086284966,8,Moderate
212,12.387743319801428,78.22171458440354,5,Moderate
213,16.683492396815055,75.60376302756596,5,Low
214,15.694470622656404,79.45573493568355,4,Low
215,26.01097883377987,82.70760116747995,9,Moderate
216,24.79512399744656,79.55793037734242,3,Low
217,25.163811420854188,76.60999570982814,6,Moderate
218,23.136107285714285,85.10649242857143,7,Low
219,27.22374471126877,73.77600126656033,4,Low
220,13.868985676521557,79.534996644794,13,Moderate
221,28.054207445646547,78.12508654712356,14,High
222,13.239257176390337,77.27441398154953,11,Moderate
223,21.249815547013103,79.4147809831435,14,Moderate
224,21.1815935703291,78.50373550585851,15,Moderate
225,28.174043993324652,76.78223834045261,19,High
226,12.880990213302656,79.22472635644286,34,High
227,28.591523079956573,77.30080785528791,39,High
228,28.970214050824836,77.82112112382056,8,Moderate
229,14.513888422495324,76.1238869594118,13,High
230,24.75698662422265,87.29795771920931,3,Low
231,18.850598463196125,81.40950261949227,18,High
232,24.2367534375,73.431589125,16,Moderate
233,18.79920935892581,73.41300721407151,29,High
234,30.027693439500407,80.1070181428167,3,Low
235,17.9103623442144,79.50978431578811,5,Moderate
236,25.221309763257693,74.31381027469504,11,Moderate
237,9.559698474607547,76.99438964840897,8,Moderate
238,26.139171235175706,75.15824747918491,5,Low
239,22.34484905446942,73.14449920395245,9,High
240,21.933446795970553,71.904730855822,5,Moderate
241,17.60115245561262,77.62567440370498,4,Low
242,21.228961647156687,81.34173931840104,14,High
243,17.6774491584506,75.33494436705305,1,Low
244,21.50455879443004,76.46561822281542,4,Low
245,18.215737695180767,74.54459422057215,5,Moderate
246,26.211538472373842,89.83542248928644,3,Low
247,28.176628791023166,79.13227923943776,10,High
248,27.347881611647303,72.3076235329894,2,Low
249,19.11785931112415,72.88808919698572,47,High
250,31.977733810307488,76.52043738292936,1,Low
251,22.67351701206017,77.02067305600703,12,Moderate
252,20.53965321768049,81.35926490871346,8,Moderate
253,15.84387093105353,76.56765859533145,6,Low
254,23.299427266699663,70.40345904842641,1,Low
255,27.22250718543286,79.288750990829,11,Moderate
256,22.926191538461538,87.81870892307693,13,Moderate
257,12.37185502469097,76.31322323525909,3,Low
258,26.356573589025967,84.08672196672657,5,Moderate
259,33.93660988383438,75.02816538923032,4,Low
260,12.911054377386172,75.45272671250274,22,High
261,33.478381280053554,78.12942261481611,1,Low
262,30.916770540504046,77.71276518543344,4,Low
263,25.65278013402592,85.1292870731586,9,High
264,22.1827635,80.9811315,4,Low
265,24.39397454147242,82.184398592748,1,Low
266,26.41553824086376,78.19271669711026,13,Moderate
267,24.016634571428572,84.79348828571429,7,Moderate
268,19.28304906157941,77.20292075190625,3,Low
269,19.079582666666667,74.84768516666666,12,Moderate
270,27.973178044234096,77.59386875287653,19,High
271,27.30720346125453,76.09286157336471,13,Moderate
272,31.097187748965293,77.20538301418428,10,High
273,27.33290309395582,94.64244130239969,2,Low
274,13.897013500144004,75.14053633381351,8,Moderate
275,26.590107621639845,84.77756500679354,2,Low
276,20.86607671867602,79.46702085648536,17,High
277,16.74006552596626,78.36989607255032,8,Moderate
278,25.22858701701859,71.6869055527746,6,Moderate
279,20.912811555555557,80.11595566666666,9,Low
280,21.049955106474172,82.28257130904895,16,Moderate
281,20.891533495835127,72.8857612181,16,High
282,30.303983316096392,75.809243579713,5,Moderate
283,21.051306281360723,83.91365567008084,1,Low
284,23.8761585,77.814778,2,Low
285,15.008459892807036,77.01896471623954,3,Low
286,27.70152349019295,78.54361298393181,9,Moderate
287,14.708389522279548,78.82177023234131,4,Low
288,22.20782226270041,69.65416821977574,1,Low
289,24.287523521086175,85.11244148992493,8,Low
290,21.837754915540636,81.95213224160426,10,Moderate
291,22.359891882935987,75.53500046559506,13,High
292,16.614705352193802,79.49483426769122,5,Moderate
293,22.187437373645988,76.01945037551363,4,Low
294,23.273640590666794,81.45271397677608,3,Low
295,21.52649190198501,75.04541360448518,1,Low
296,10.85939983153068,78.49516124908997,21,High
297,18.23458130896859,79.00400628520698,4,Low
298,28.621084727610857,74.39225631053557,3,Low
299,23.43165157142857,78.81921528571428,7,Low
300,19.224278785714286,75.37716357142857,14,Moderate
301,21.123907236998395,75.49454213942377,5,Low
302,18.972072695365114,78.21398072925662,5,Moderate
303,18.019611642857143,74.03071935714286,14,Moderate
304,17.486429468541115,78.48290089174003,30,High
305,20.662739029306465,74.5591635097751,6,Low
306,26.346807552618962,80.7918863187598,8,Moderate
307,33.390086000469275,74.27601926765601,7,Moderate
308,23.201878600611018,85.96150006351311,9,Moderate
309,29.529243922400994,74.23408131407969,3,Low
310,13.705074111634879,76.88242485976511,12,Moderate
311,31.501737843217953,78.01365138377552,3,Low
312,25.563035114500607,87.57149769711262,2,Low
313,17.264516905189424,80.82828415348895,18,High
314,21.655064818877815,82.33865306501596,13,Moderate
315,17.188750918919094,74.34559710037847,11,Moderate
316,24.498738929224753,92.33744669518205,4,Low
317,19.51281482063427,82.00915506475327,5,Moderate
318,22.89063585245404,71.44171572907294,2,Low
319,28.333958857384136,80.61134096795425,3,Low
320,29.09954592435145,79.42435368410769,10,High
321,22.50148045695219,80.27014653990834,5,Low
322,22.709711557150577,72.63310027338109,14,High
323,14.539760726451124,79.84345322988037,5,Low
324,23.979279727272726,86.24789209090909,11,Moderate
325,25.86776124810106,72.29079937011697,7,Moderate
326,21.46598505597033,74.23922397240591,2,Low
327,29.896652176958995,77.87362117181756,9,High
328,19.724509048901815,81.11221011436476,2,Low
329,23.53852204384903,77.39022031710401,21,High
330,16.36608636138881,80.48376264221302,9,High
331,21.4369181,78.9016702,20,Moderate
332,20.772109555555556,81.65955744444445,9,Low
333,26.869458808965717,80.87420660710225,24,High
334,19.935475916666668,74.96159716666666,12,Low
335,22.378013156718875,79.04141705328917,8,Low
336,26.54532155346613,75.3979246370405,13,Moderate
337,24.678680517555648,83.23432439854633,1,Low
338,19.99050931536238,73.7498190386669,61,High
339,30.41085323095809,79.43656698034161,3,Low
340,28.53832380602651,76.8399509867908,12,High
341,26.590283422381155,83.15054584445981,4,Low
342,31.426744729715363,76.21126153678196,5,Moderate
343,25.718244554301208,76.54044975276034,3,Low
344,18.145791634617247,81.14906815500068,15,High
345,18.472406575882854,76.98156527698153,3,Low
346,30.722764154769308,76.80135628849624,33,High
347,23.36749093525027,76.78442816288262,11,Moderate
348,23.90652034670429,88.45715036328681,1,Low
349,27.212841794690895,78.04674926097935,10,Moderate
350,20.7754831,80.8822387,10,Moderate
351,26.280980490227282,81.59591768185192,15,High
352,20.930289333333334,86.51742491666667,12,Moderate
353,14.037126932934907,77.97535923870034,7,Moderate
354,19.63080010699911,73.57938817312726,7,Moderate
355,23.34813017289266,72.81515626327304,8,Moderate
356,10.754843466403262,76.38240314414033,4,Low
357,25.041525351263704,82.21950912498681,3,Low
358,19.85874742857143,78.91045285714286,7,Low
359,21.240817775034177,80.95337778634197,13,Moderate
360,23.655354224043315,71.95050359563133,1,Low
361,21.4449236660011,70.85963662316074,2,Low
362,27.973293102057063,73.32158590138097,2,Low
363,25.35266271072151,80.65496491303841,5,Moderate
364,29.545418639857736,77.00818452445915,4,Low
365,23.553913854720573,78.03872236911829,13,Moderate
366,16.767009043738753,74.63676642471876,12,Moderate
367,27.084437177610027,78.52164347260482,3,Low
368,22.90039509090909,85.703302,11,Low
369,9.99234472603465,76.7267999572897,26,High
370,17.47967535229494,80.28674503950265,8,Moderate
371,32.66018749518362,75.46746707117198,5,Moderate
372,20.28434711111111,75.12084722222222,9,Moderate
373,28.680444681498688,77.5285548955604,28,High
374,19.537270111111113,85.05844555555555,9,Low
375,18.61391491936909,73.7083099724494,49,High
376,25.074767118584834,72.74073941450938,3,Low
377,20.648813635920813,78.67559302293627,10,Moderate
378,21.860125849742904,84.18683542538756,7,Moderate
379,22.412147094035188,82.6546430310169,8,Moderate
380,18.019026371575084,73.54377741529889,4,Low
381,27.179172791920628,74.36131535017537,4,Low
382,27.87488193329652,80.79313333521385,4,Low
383,25.30023753393748,91.721516168988,1,Low
384,21.80798,86.34047,1,Low
385,23.27469616666667,84.69738208333334,12,Low
386,24.854715326329966,83.98938330367804,3,Low
387,23.414850339647792,75.08483821560175,5,Moderate
388,25.031495001301586,81.54079670355645,3,Low
389,11.749213482050596,76.04740631852825,3,Low
390,13.154477043538636,78.01158521832075,8,Moderate
391,24.633844231341836,76.0890470315563,3,Low
392,18.601978002949195,79.46983014291288,2,Low
393,20.551673,82.52684766666667,3,Low
394,30.79273107937034,76.23849636579077,10,High
395,19.452211251248887,76.09035954451095,9,Low
396,26.879035534497675,79.92025176445377,9,Moderate
397,22.589330515708827,88.41267155686793,55,High
398,30.49477129492805,76.79967784596701,13,High
399,24.628136124161138,85.7226399752862,15,Moderate
400,22.285433568042695,81.38081938266555,6,Low
401,28.447514038563543,72.50583094706732,1,Low
402,20.321512967475638,75.49089345054468,12,Moderate
403,20.461807906480782,78.10144152584434,8,Moderate
404,15.168753,75.322926,16,Moderate
405,18.155658946016604,79.84641908825928,7,Moderate
406,26.429133500280074,79.43714219756248,4,Low
407,21.065146401251667,77.2943944344464,3,Low
408,23.056944009715505,75.96229502862799,10,High
409,20.26298225,76.394621,4,Low
410,26.132288286790235,82.2105454106185,11,Moderate
411,26.307275401584334,73.57996052432668,2,Low
412,23.9924666907557,77.36696274321103,12,Low
413,9.549859357475542,77.87343762348225,5,Moderate
414,27.21430524181263,76.67280492122906,6,Moderate
415,33.23430755868793,75.79808796122555,3,Low
416,25.627857845574738,75.3863590889114,4,Low
417,18.267740816791626,75.60441862928742,3,Low
418,29.26010806141952,75.86767160543987,4,Low
419,15.588051507935084,74.31219320288095,26,High
420,20.288461393184495,74.53211223686144,11,Moderate
421,26.28774616139563,72.97252708439379,3,Low
422,23.552599240299237,85.1134509513583,13,Moderate
423,28.56736945734813,78.4985120599881,6,Moderate
424,20.26587012975777,81.57279850896737,6,Low
425,30.151190270806715,74.88646378527164,2,Low
426,16.197900599999997,74.9381892,10,Moderate
427,18.81966486583186,74.20006101275426,5,Moderate
428,13.140884803715862,77.55235009400472,17,High
429,20.386849301378763,84.75951006419386,1,Low
430,26.384088486916646,94.13766717858866,2,Low
431,31.652507084067626,76.93731377810853,4,Low
432,8.430628142945167,77.40986896357575,11,High
433,22.970787237904595,82.08713447528467,5,Low
434,28.70551752004439,77.13602284109085,50,High
435,13.063001402115962,79.29893251037021,38,High
436,12.382320942239346,76.71643907275727,4,Low
437,21.6906517,81.2978323,10,Low
438,30.127719358611493,80.83102872211107,2,Low
439,13.429435987317467,79.00922719069476,10,High
440,23.882395298693652,78.67538555742092,14,Moderate
441,23.51277045031554,85.53543969491857,14,Moderate
442,25.52926117989923,84.78831205840768,9,Moderate
443,29.811639381822854,79.86107810170321,4,Low
444,24.498434693309825,74.69976696932821,2,Low
445,19.564505839129076,74.50074926804993,7,Low
446,23.002903461538462,77.19402576923076,13,Moderate
447,18.106787062150232,78.61872280914858,7,Moderate
448,16.514083963407213,76.20202769348683,3,Low
449,27.11804179482528,69.93024286766027,1,Low
450,20.136040851375128,79.53026838849925,5,Low
451,21.868512955998007,76.33236534153366,6,Moderate
452,26.05793035363305,86.70331857190726,3,Low
453,23.381456995067907,77.1189061486057,10,Low
454,21.615706854936178,72.77593129877151,9,Moderate
455,22.820431545454547,85.06776218181818,11,Moderate
456,25.65436103467356,79.81890615350845,3,Low
457,24.64242354084308,93.65379956227731,1,Low
458,15.321716184291624,75.67662926593367,15,High
459,21.881142384193364,78.70283932522163,7,Low
460,25.3339554,85.3032493,10,Moderate
461,17.448075206134188,78.2032883290154,12,High
462,25.350313203871117,70.97930031926862,5,Moderate
463,21.38169512854721,85.9226546651804,1,Low
464,22.52120304188617,85.81454775907497,8,Low
465,26.14036365358138,92.2880509220266,2,Low
466,26.60486359382273,76.944035968048,2,Low
467,25.39377164385365,92.98962189205336,1,Low
468,23.757486892306005,75.80731123083585,4,Low
469,23.54055054162176,80.85060766024782,1,Low
470,30.570628880428004,77.8881473667146,5,Moderate
471,25.8438294,83.61785139999999,5,Low
472,15.97574411111111,75.37190188888889,9,Low
473,21.21225116096876,81.68599495389535,22,High
474,21.77456269885573,80.17618273379932,4,Low
475,14.979999,74.63996547872728,11,Moderate
476,15.707166035435147,78.01811105809425,8,Moderate
477,32.43241807031097,76.26666486787057,4,Low
478,20.80774472948235,85.52749568696764,2,Low
479,20.808371547589473,82.97131474396089,3,Low
480,22.70889258224465,76.35201917930243,6,Moderate
481,30.37050888974924,78.6753633755965,5,Moderate
482,19.637171199999997,75.4167468,10,Moderate
483,12.165567128570835,78.81765219964538,4,Low
484,22.091842740110895,81.82279654999614,7,Low
485,25.22263674522892,87.00809843075376,6,Moderate
486,20.0372365,80.6143845,4,Low
487,26.828946256257687,79.00081055180729,4,Low
488,27.54782859959009,81.62785399906129,3,Low
489,32.86211127863073,74.92843797353527,9,High
490,22.37003956002391,73.60873157463007,4,Low
491,21.356793142857143,79.841362,14,Moderate
492,27.446419179794784,80.16079628605428,2,Low
493,17.2345999693875,74.92604536774395,3,Low
494,16.677020159979705,77.2576421846236,1,Low
495,23.234422570799303,87.0913431801392,8,Moderate
496,21.9094986,87.6138481,10,Moderate
497,21.070200892699127,73.31988616682074,2,Low
498,22.21792475,77.60549975,8,Moderate
499,17.716593798753745,80.99284014274636,40,High
